domain,count,median_sponsor_score,is_sponsored,domain_category
plus.google.com,3786647,3.0,0,Social Media
play.google.com,2093786,4.0,1,Application
itunes.apple.com,1724603,3.0,0,Music
bit.ly,1408414,3.0,0,Shorten
tinyurl.com,1380122,4.0,0,Shorten
rstyle.me,1175073,11.0,1,Agency
steamcommunity.com,824573,3.0,0,Video Game
creativecommons.org,767740,4.0,0,Education
smarturl.it,750397,3.0,0,Shorten
po.st,739548,4.0,1,Agency
teespring.com,705812,4.0,1,Agency
go.magik.ly,691020,14.0,1,Agency
goo.gl,669080,2.0,0,Shorten
streamlabs.com,540814,4.0,1,Application
geni.us,527355,8.0,1,Agency
store.steampowered.com,521614,3.0,0,Video Game
incompetech.com,511871,3.0,0,Music
google.com,470247,3.0,0,
docs.google.com,424761,5.0,0,Sharing Service
apple.co,379614,4.0,0,Technology
g2a.com,335453,6.0,1,Video Game
dailymotion.com,311826,2.0,0,OVP
studyiq.com,306996,19.0,1,Education
epidemicsound.com,299971,4.0,0,Music
etsy.com,296379,6.0,1,Fashion
roblox.com,289549,5.0,0,Video Game
spoti.fi,288164,3.0,0,Music
full.sc,275554,4.0,1,Agency
apps.apple.com,272569,3.0,1,Application
vk.com,266803,2.0,0,Social Media
fxempire.com,260241,1.0,0,Media
ldli.co,237843,7.0,1,Agency
audiomicro.com,227367,5.0,0,Music
mediafire.com,222337,4.0,0,Sharing Service
shareasale.com,201578,8.0,1,Agency
gearbest.com,199806,17.0,1,Shop
banggood.com,182488,10.0,1,Shop
ow.ly,182276,3.0,0,Shorten
foxs.pt,182135,5.0,0,Sport
tiny.cc,166200,3.0,0,Shorten
feiyr.com,165981,8.0,1,Music
lcpdfr.com,164632,7.0,0,Video Game
testbook.com,164201,11.0,1,Education
j.mp,157324,4.0,0,Shorten
nexusmods.com,156597,3.0,0,Video Game
unionforgamers.com,151990,4.0,1,Agency
shrsl.com,150406,8.0,1,Agency
fkrt.it,146694,7.0,1,Shop
redbubble.com,143651,4.0,1,Shop
on.msnbc.com,141253,6.0,0,Media
zee5.com,140647,5.0,0,Streaming
gofundme.com,140322,3.0,0,Donation
kontrolfreek.com,137060,8.0,1,Technology
cnb.cx,135788,2.0,0,Media
ebay.com,135769,6.0,0,Shop
bit.do,135633,4.0,0,Shorten
ncs.io,133877,8.0,0,Music
e.lga.to,124165,5.0,1,Technology
ask.fm,122197,3.0,0,Social Media
push.com.ph,121203,0.0,0,Media
nbcnews.to,121113,3.0,0,Media
popyachts.com,118094,18.0,1,Vehicle
music.apple.com,117013,3.0,0,Music
nnn.is,114019,18.0,0,Shorten
nfl.com,113662,7.0,0,Sport
shopstyle.it,108661,9.0,1,Fashion
video.foxnews.com,108233,3.0,0,Media
aparchive.com,106740,1.0,0,Media
adf.ly,106548,5.0,0,Shorten
younow.com,102251,4.0,0,Streaming
bitly.com,101553,3.0,0,Shorten
ebates.com,98386,17.0,1,Shop
ted.com,97193,2.0,0,OVP
eepurl.com,96514,7.0,0,Shorten
bensound.com,95533,4.0,0,Music
gta5-mods.com,94669,4.0,0,Video Game
tidd.ly,91942,2.0,1,Agency
fox.tv,91460,2.0,0,Shorten
entertainment.abs-cbn.com,89484,0.0,0,Streaming
restream.io,88349,2.0,0,Streaming
es.pn,88155,3.0,0,Sport
gleam.io,87950,5.0,1,Agency
on.today.com,87566,15.0,1,Media
goodreads.com,85236,3.0,0,Book
abpnews.abplive.in,84847,4.0,0,Media
next9news.in,82418,0.0,0,Media
scufgaming.com,82209,8.0,1,Technology
audionautix.com,81970,4.0,0,Music
a.co,81745,6.0,0,Shop
lootcrate.com,81511,9.0,1,Technology
tubebuddy.com,80571,9.0,1,Agency
gfuel.com,80409,9.0,1,Food Drink
motionarray.com,79821,6.0,1,Agency
samaa.tv,79598,1.0,0,Media
dailymail.co.uk,79387,10.0,0,Media
bsta.rs,79365,9.0,1,Music
stampinup.com,78725,12.0,1,Shop
udemy.com,78671,9.0,1,Education
minecraftforum.net,78105,3.0,0,Video Game
beamng.com,78018,7.0,1,Video Game
cbsn.ws,76756,17.0,0,Media
store.playstation.com,74236,0.0,0,Video Game
ko-fi.com,73971,4.0,0,Donation
itv.com,73804,2.0,0,Media
hindi.news18.com,73709,0.0,0,Media
humblebundle.com,73220,6.0,1,Video Game
ndtv.com,73044,3.0,0,Media
bhpho.to,72221,8.0,1,Shop
gcn.eu,71468,12.0,0,Sport
tfc.tv,71401,0.0,0,Streaming
etrailer.com,70967,7.0,1,Shop
sigmabeauty.com,70346,14.0,1,Beauty
dropbox.com,70031,6.0,0,Sharing Service
kalingatv.com,69209,0.0,0,Media
piff.me,69029,7.0,0,Music
mixcloud.com,68929,2.0,0,Music
socialclub.rockstargames.com,67512,4.0,0,Video Game
designbyhumans.com,67258,4.0,0,Fashion
gumroad.com,67239,10.0,1,Shop
ign.com,66792,0.0,0,Media
claytrader.com,65659,9.0,1,Finance
is.gd,65577,3.0,0,Shorten
freedom.tm,65228,5.0,1,Agency
design.daddygif.com,64941,1.0,0,Real Estate
eonli.ne,64904,2.0,0,Media
click.linksynergy.com,64816,10.0,1,Agency
myspace.com,64663,2.0,0,Social Media
gplus.to,64291,3.0,0,Media
trt.world,63600,0.0,0,Media
weibo.com,63357,2.0,0,Media
op.gg,62855,4.0,0,Video Game
chat.whatsapp.com,62715,3.0,0,Social Media
tv9telugu.com,62701,3.0,0,Media
deezer.com,62472,2.0,0,Music
cbs.com,61479,15.0,0,Media
nba.com,61011,3.0,0,Sport
oprah.com,60394,3.0,0,Entertainment
sigma-beauty.7eer.net,60025,19.0,1,Beauty
vid.io,60003,5.0,1,Agency
teepublic.com,59349,4.0,0,Shop
instagr.am,59187,2.0,0,Social Media
digtb.us,59056,12.0,0,Entertainment
f24.my,59053,0.0,0,Media
fanlink.to,58998,3.0,1,Agency
minds.com,58855,3.0,0,Social Media
fave.co,58439,8.0,1,Agency
bookdepository.com,57685,5.0,1,Shop
matchhistory.na.leagueoflegends.com,56824,4.0,0,Video Game
stitcher.com,56436,4.0,0,Streaming
abplive.in,56205,4.0,0,Media
pastebin.com,56045,4.0,0,Sharing Service
sellfy.com,55955,6.0,1,Shop
c9.gg,55659,3.0,0,Video Game
btn.com,55330,2.0,0,Streaming
hyperurl.co,55316,2.0,1,Agency
sonyliv.com,55241,4.0,0,Streaming
unsplash.com,54438,3.0,0,Photo
wsj.com,53678,3.0,0,Media
win.gs,53566,1.0,0,Sport
indiatvnews.com,53553,4.0,0,Media
mlb.mlb.com,53374,6.0,0,Sport
bitchute.com,53357,3.0,0,Streaming
gamerfuzion.com,53002,0.0,0,Video Game
gaana.com,52986,3.0,0,Music
djshop.de,52523,8.0,0,Music
djtunes.com,52395,8.0,0,Music
jaimaharashtranews.tv,52024,2.0,0,Media
mtv.com.lb,51892,0.0,0,Media
osu.ppy.sh,51343,2.0,0,Video Game
britishpathe.com,51266,2.0,0,Media
bravo.ly,51095,5.0,0,Streaming
redirect.viglink.com,51093,8.0,0,Shorten
news24online.com,50973,2.0,0,Media
hindi.news24online.com,50561,2.0,0,Media
gmanews.tv,50445,1.0,0,Media
TunesToTube.com,50438,1.0,0,Service
at.nick.com,49971,4.0,0,Streaming
store.adda247.com,49656,16.0,1,Education
wgg.mobi,49460,6.0,1,Agency
autotrader.co.za,49080,2.0,0,Vehicle
.com,49062,3.0,0,
twinmusicom.org,48981,4.0,0,Music
player.epidemicsound.com,48829,8.0,1,Music
amara.org,48687,3.0,0,Service
ebay.to,47977,10.0,0,Shorten
machinimasound.com,47921,4.0,0,Music
1aau.to,47135,9.0,0,Shop
ruptly.tv,46908,3.0,0,Media
podcasts.apple.com,46900,5.0,0,Streaming
ttpm.com,46087,4.0,0,Shop
awe.sm,45695,3.0,1,Agency
firehandcards.com,45362,2.0,0,Sport
unacademy.com,44894,6.0,1,Entertainment
en.wiktionary.org,44829,1.0,0,Education
discogs.com,44815,1.0,0,Music
greenmangaming.com,44740,5.0,1,Video Game
neonetwork.pk,44350,0.0,0,Media
fiverr.com,44161,5.0,1,Agency
theaudiopedia.com,44071,4.0,0,Education
zaful.com,43886,16.0,1,Shop
avantlink.com,43873,8.0,1,Agency
pixiv.net,43719,3.0,0,Social Media
bbc.co.uk,43595,2.0,0,Media
manoramanews.com,43285,4.0,0,Media
geo.itunes.apple.com,43282,4.0,0,Music
qvc.co,43195,6.0,1,Shop
epidemicsound.com),42953,5.0,1,Music
mixer.com,42856,4.0,0,Video Game
hybiz.tv,42241,2.0,0,Media
districtlines.com,41988,3.0,0,Fashion
elgato.com,41857,5.0,1,Technology
itun.es,41535,3.0,0,Music
btprt.dj,41423,2.0,0,Music
france24.com,41178,0.0,0,Media
citizentv.co.ke,40402,0.0,0,Media
wynk.in,40318,3.0,0,Music
gmbn.eu,40147,11.0,0,YCW
erosnow.com,40001,3.0,0,Streaming
beatport.com,39937,2.0,0,Music
tacklewarehouse.com,39774,6.0,0,Shop
apply.fullscreen.net,39707,4.0,0,Application
smash.gg,39459,1.0,0,Video Game
aminoapps.com,39139,4.0,0,Social Media
fashionchannel.it,39077,4.0,0,Fashion
iwant.ph,38997,0.0,0,Streaming
iwantv.com.ph,38929,0.0,0,Streaming
uww.io,38536,0.0,0,Sport
zeenews.india.com,38477,1.0,0,Media
trancentral.tv,38258,2.0,0,Music
aliexpress.com,37915,5.0,1,Shop
ddinews.gov.in,37746,0.0,0,Media
anrdoezrs.net,37524,13.0,1,Shop
datinglogic.net,36939,0.0,0,Dating
vpwow.com,36893,16.0,1,Beauty
api.shopstyle.com,36852,9.0,1,Fashion
espn.com,36844,3.0,0,Sport
360dms.in,36773,1.0,1,Agency
chessworld.net,36759,4.0,0,Entertainment
next9news.com,36750,0.0,0,Media
wwe.com,36564,2.0,0,Sport
yogsca.st,36548,4.0,0,Video Game
fashionnova.com,36511,8.0,1,Fashion
hotstar.com,36419,1.0,0,Streaming
hungama.com,36181,4.0,0,Streaming
cdbaby.com,36015,5.0,1,Music
farming-simulator.com,35803,4.0,0,Video Game
ellenhutson.com,35747,3.0,0,Shop
abs-cbn.com,35494,0.0,0,Media
periscope.tv,35415,4.0,0,Social Media
zazzle.com,35348,5.0,1,Shop
ncbi.nlm.nih.gov,34929,6.0,0,Science
sites.google.com,34775,2.0,0,Sharing Service
thizzler.com,34707,4.0,1,Music
wp.me,34312,5.0,1,Application
imdb.com,34103,3.0,0,Movie
mbsy.co,34013,15.0,1,Agency
plays.tv,33859,5.0,0,Application
bhphotovideo.com,33777,6.0,1,Shop
rover.ebay.com,33761,7.0,1,Shop
saavn.com,33714,3.0,1,Music
pcdeal.tv,33702,14.0,1,Shop
asianetnews.com,33673,0.0,0,Media
evancarmichael.com,33531,19.0,1,YCW
ustream.tv,33469,1.0,0,Technology
kbsworld.co.kr,33281,2.0,0,Media
kickstarter.com,33146,3.0,0,Donation
blogtalkradio.com,33090,2.0,0,Radio
myanimelist.net,33065,3.0,1,Social Media
euw.op.gg,33038,4.0,0,Application
tytnetwork.com,33025,9.0,0,Media
cbc.ca,33025,3.0,0,Media
doubtnut.app.link,32940,10.0,1,Application
pbs.org,32717,1.0,0,Media
vevo.ly,32713,1.0,0,Music
newsone.tv,32179,0.0,0,Media
cnbc.com,32175,3.0,0,Media
vid.me,32134,3.0,0,OVP
davidpakman.com,32119,3.0,0,Media
londonreal.tv,31784,4.0,0,Media
audiojungle.net,31780,7.0,0,Music
support.google.com,31706,7.0,0,Technology
zps.to,31698,1.0,0,Shop
indiatoday.intoday.in,31682,10.0,0,Media
cash.me,31573,6.0,0,Donation
wiwibloggs.com,31508,2.0,0,YCW
99l.tv,31461,6.0,0,Music
imbc.com,31334,0.0,0,Media
jiosaavn.com,31284,3.0,0,Music
c.mp.ucweb.com,31180,0.0,0,Application
gab.ai,31031,2.0,1,Social Media
trainingpeaks.com,30999,10.0,1,Sport
na.op.gg,30890,4.0,0,Application
sharemods.com,30842,5.0,0,Video Game
bbc.in,30841,5.0,0,Media
bhaarattoday.com,30830,7.0,0,Media
202.87.41.148,30829,3.0,0,Media
msb.im,30705,19.0,1,Service
thekingofhate.com,30682,12.0,0,Forum
myapp.wips.com,30600,2.0,1,Application
chriszabriskie.com,30590,5.0,0,Music
hautelook.com,30519,17.0,1,Fashion
lnk.to,30499,2.0,0,Music
standardmedia.co.ke,30486,2.0,0,Media
std.co.ke,30396,2.0,0,Media
chrono.gg,30357,7.0,1,Application
streamtip.com,30286,3.0,0,Streaming
aljazeera.com,30166,1.0,0,Media
liveleak.com,30116,1.0,0,OVP
di.sn,30077,2.0,0,
nbc.com,30018,2.0,0,Media
ipsy.com,29935,13.0,1,Beauty
stockfootage.com,29876,7.0,0,Service
cafepress.com,29807,3.0,1,Shop
ocremix.org,29788,7.0,0,Music
newsx.com,29695,1.0,0,Media
commons.wikimedia.org,29626,3.0,0,Education
arcadepunk.co.uk,29550,12.0,0,Video Game
y2u.be,29510,5.0,0,Shorten
makeupgeek.com,29507,19.0,1,Beauty
coinbase.com,29488,9.0,1,Crypto
skyrim.nexusmods.com,29319,2.0,0,Video Game
erincondren.com,29219,15.0,1,Shop
sprtsnt.ca,29183,1.0,0,Sport
zameen.com,28900,3.0,0,Real Estate
reverbnation.com,28734,3.0,1,Agency
instant-gaming.com,28649,3.0,1,Video Game
seph.me,28438,5.0,1,Beauty
artstation.com,28203,2.0,0,Social Media
sndrs.com,28002,1.0,0,Sport
buzzfeed.com,27934,5.0,0,Media
thomann.de,27892,9.0,1,Shop
v.blnk.fr,27862,2.0,0,
ap.org,27691,3.0,0,Media
indiatoday.app.link,27629,10.0,0,Application
gaming.youtube.com,27313,6.0,0,OVP
medium.com,27302,4.0,1,Education
gtainside.com,27300,7.0,0,Video Game
audibletrial.com,26969,11.0,1,Book
videohive.net,26854,9.0,1,Service
beatstars.com,26806,10.0,1,Service
gtasnp.com,26749,21.0,0,Video Game
machinerytrader.com,26686,1.0,0,Vehicle
monster.cat,26658,3.0,1,Music
octoly.com,26641,18.0,1,Agency
wionews.com,26612,2.0,0,Media
glidebros.com,26495,1.0,0,Music
de.aliexpress.com,26426,9.0,1,Shop
share.cbn.com,26257,3.0,0,Religion
freesound.org,26225,3.0,0,Music
sephora.com,26099,8.0,1,Beauty
theguardian.com,26067,2.0,0,Media
on.wsj.com,25975,3.0,0,Media
cdkeys.com,25719,9.0,1,Technology
inewslive.net,25673,0.0,0,Media
play-asia.com,25565,7.0,1,Technology
rumble.com,25535,1.0,0,OVP
go.nowth.is,25346,4.0,0,Media
play.spotify.com,25344,1.0,0,Music
strava.com,25290,3.0,1,Application
democracynow.org,25273,6.0,0,Media
airbnb.com,25241,13.0,1,Travel
t.maxpreps.com,25225,7.0,0,Sport
abpmajha.abplive.in,25169,4.0,0,Media
m.onelink.me,25157,5.0,0,
getfpv.com,25092,8.0,1,Technology
cstoysjapan.com,25051,17.0,1,Shop
britishpathe.tv,25018,2.0,0,Streaming
sabc.co.za,24968,0.0,0,Radio
themangonews.com,24900,1.0,0,Media
mega.nz,24725,3.0,0,Sharing Service
bigbadtoystore.com,24715,3.0,0,Video Game
V6news.tv,24644,1.0,0,Media
onlinedatinglogic.com,24625,0.0,0,Dating
onlinedatingsitesandservices.com,24625,0.0,0,Dating
sofarsounds.com,24620,2.0,0,Music
gum.co,24528,8.0,1,Technology
moddb.com,24484,3.0,0,Video Game
presstv.com,24450,0.0,0,Media
store.roosterteeth.com,24399,3.0,0,Shop
freemusicarchive.org,24165,4.0,0,Music
xbox.com,24126,5.0,1,Video Game
behance.net,24083,3.0,0,Social Media
purplle.com,24021,6.0,1,Beauty
nutritionfacts.org,23928,9.0,0,Education
audioboom.com,23862,2.0,1,Agency
poshmark.com,23797,12.0,1,Shop
talkshowscentral.com,23783,0.0,0,Media
roosterteeth.com,23748,3.0,0,Shop
ibotta.com,23698,15.0,1,Application
gatewayclassiccars.com,23650,8.0,0,Vehicle
ironsidecomputers.com,23616,8.0,1,Technology
aninews.in,23598,1.0,0,Media
apnlive.com,23564,0.0,0,Media
StockFootage.com,23543,2.0,0,Service
subscribestar.com,23521,1.0,1,Agency
truckpaper.com,23495,1.0,0,Vehicle
500px.com,23332,7.0,0,Photo
help.tc,23244,33.0,0,
ebay.co.uk,23225,7.0,0,Shop
emvn.co,23216,6.0,0,Music
tigerfitness.com,23204,8.0,1,Sport
theartistunion.com,23202,3.0,0,
24NewsHD.tv,23164,0.0,0,Media
spreaker.com,23094,2.0,1,Agency
marinemax.com,23063,4.0,0,Vehicle
hitbox.tv,22961,2.0,0,Streaming
adorama.com,22960,4.0,0,Photo
etsy.me,22938,7.0,1,Shop
bloglovin.com,22935,7.0,0,Social Media
untvweb.com,22934,2.0,0,Media
ulta.com,22904,9.0,1,Beauty
truefire.com,22773,5.0,0,Education
ddnews.gov.in,22769,0.0,0,Media
bbtv.go2cloud.org,22768,2.0,0,
usagym.org,22752,0.0,0,Sport
abnandhrajyothy.com,22689,0.0,0,Media
simonsaysstamp.com,22681,4.0,0,Shop
logo.to,22664,1.0,0,YCW
forums.terraria.org,22578,3.0,0,Forum
binance.com,22577,7.0,1,Crypto
abpsanjha.abplive.in,22564,2.0,0,Media
zoomtv.com,22557,3.0,0,Media
newgrounds.com,22556,2.0,0,Social Media
player.me,22550,6.0,1,Video Game
mtdcnc.com,22434,19.0,1,Technology
eatreadlove.me,22430,13.0,1,Fashion
urlzs.com,22313,4.0,0,Shorten
bbstv.ug,22251,0.0,0,Media
lastmomenttuitions.com,22210,2.0,0,Education
thehansindia.com,22187,0.0,0,Media
stores.ebay.com,22175,3.0,0,Shop
linkshrink.net,22147,2.0,1,Shorten
hmtvlive.com,22125,0.0,0,Media
share.epidemicsound.com,22117,8.0,0,Music
bbcom.me,22116,6.0,1,Sport
wmur.com,22109,1.0,0,Media
hatfil.ms,22085,8.0,0,
dotabuff.com,22003,4.0,0,Video Game
eduonix.com,21925,10.0,1,Education
pixabay.com,21917,4.0,0,Photo
techieraj.com,21877,7.0,0,Service
go.magik.ly:443,21820,11.0,1,Agency
toneden.io,21791,3.0,1,Agency
stv.tv,21749,2.0,0,Streaming
ali.pub,21647,4.0,0,Shorten
nation.co.ke,21566,0.0,0,Media
plus.kakao.com,21517,1.0,0,
found.ee,21494,2.0,1,Agency
karaoke.stingray.com,21479,4.0,1,Application
spotboye.com,21469,2.0,0,Media
bestpianomethod.com,21426,15.0,1,Education
behindwoods.com,21389,3.0,0,Media
avenues.tv,21335,0.0,0,Media
epaper.v6velugu.com,21334,1.0,0,Media
ravelry.com,21048,5.0,0,Social Media
gog.com,21005,4.0,0,Video Game
boardgamegeek.com,20909,2.0,0,Entertainment
kairalitv.in,20710,0.0,0,Media
thaboxingvoice.com,20668,2.0,0,Media
twit.tv,20649,8.0,0,Technology
clevver.com,20648,4.0,0,Entertainment
cohh.tv,20616,2.0,0,YCW
intotheam.com,20616,8.0,1,Fashion
automototube.net,20585,8.0,0,Vehicle
wall.alphacoders.com,20520,3.0,0,Photo
ptcnews.tv,20515,0.0,0,Media
spr.ly,20368,2.0,0,
transtv.co.id,20299,0.0,0,Media
matchhistory.euw.leagueoflegends.com,20257,5.0,0,Video Game
gtomega.co.uk,19949,10.0,1,Shop
kbc.co.ke,19947,0.0,0,Media
fr.shopping.rakuten.com,19921,22.0,1,Shop
flipkart.com,19903,7.0,1,Shop
lon.tv,19840,9.0,0,YCW
compiled.social,19754,3.0,0,Shorten
junodownload.com,19705,2.0,0,Music
scrapbook.com,19630,5.0,0,Shop
gtn.io,19506,14.0,0,YCW
hirutv.lk,19446,3.0,0,YCW
aje.io,19417,1.0,0,Media
arirang.com,19404,0.0,0,Media
raresoulman.co.uk,19390,9.0,1,Music
wlky.com,19364,1.0,0,Media
rdiaz.org,19352,5.0,0,Education
wbaltv.com,19203,1.0,0,Media
moshc.am,19194,3.0,0,Music
telegraph.co.uk,19182,3.0,0,Media
channel4.com,19132,1.0,0,Media
hindi.indiatvnews.com,19107,4.0,0,Media
bernews.com,19105,2.0,0,Media
gamewisp.com,19100,3.0,1,Agency
kit.com,19099,5.0,1,Medical
pkpla.net,19087,8.0,0,YCW
minecraft.net,19079,4.0,0,Video Game
anchor.fm,19073,6.0,0,Service
eurone.ws,19070,1.0,0,Media
click.dji.com,19067,6.0,1,Technology
audible.com,19015,9.0,1,Book
onivia.com,19013,5.0,0,YCW
voobly.com,18995,4.0,0,Video Game
BoishakhiOnline.com,18934,2,0,Streaming
payhip.com,18897,8,1,Shop
buff.ly,18894,3,0,Agency
gurushakti.org.in,18892,7,1,Sport
wiki.ezvid.com,18869,4,0,Forum
acparadise.com,18839,2,0,Forum
mcprohosting.com,18768,7,1,Video Game
crunchyroll.com,18749,4,1,Streaming
society6.com,18726,4,1,Shop
apinternationalfilms.com,18667,2,0,Media
dctv.co,18663,3,0,Education
brightside.me,18661,6,0,Media
watchmojo.com,18621,7,0,Streaming
prakashastrologer.com,18539,10,0,Religion
8bitb.ro,18495,4,0,Social Media
booking.com,18488,13,1,Travel
newegg.com,18417,6,1,Technology
joshwoodward.com,18330,6,0,Music
cyclecruza.com,18299,68,0,Vehicle
gawkbox.com,18297,7,0,Dating
awin1.com,18169,8,1,Agency
soundclick.com,18110,3,0,Music
oxygen.tv,18100,4,0,Media
appsto.re,18058,5,0,Application
skillgaming.de,18041,1,0,Video Game
wattpad.com,17928,2,1,Social Media
v6velugu.com,17843,1,0,Media
artofdota2.com,17802,5,0,YCW
cgtn.com,17783,2,0,Media
bigfishgames.com,17774,4,1,Video Game
yellowpages.com,17755,1,0,Social Media
ocw.mit.edu,17740,0,0,Education
linktr.ee,17717,4,0,Service
angeldigital.co.in,17666,6,0,Media
kantipurtv.com,17655,1,0,Media
motube.us,17654,3,0,Forum
fas.st,17631,0,1,Agency
galatta.com,17558,1,0,Media
ea.com,17476,2,0,Video Game
khanacademy.org,17433,7,0,Education
apple.com,17363,6,0,Technology
hp.com,17343,5,0,Technology
formspring.me,17331,2,0,Social Media
channel24bd.tv,17316,1,0,Media
jangbricks.com,17280,5,0,YCW
apinternationalfilms.in,17253,2,0,Media
thomhartmann.com,17201,1,0,Media
skl.sh,17173,12,1,Education
projectlifemastery.com,17138,8,1,Education
go.tagjag.com,17132,10,1,Technology
bankersadda.com,17100,19,0,Education
beadaholique.com,17096,3,1,Fashion
store.epicgames.com,17076,10,0,Video Game
cutestockfootage.com,17065,15,0,Service
depop.com,17057,7,0,Fashion
higherselfherbs.com,17056,17,1,Food Drink
catholicshopping.com,17035,7,1,Religion
originpc.com,16999,7,1,Technology
juno.co.uk,16946,2,0,Music
ppci.me,16908,12,0,Technology
euronews.com,16887,2,0,Media
nykaa.com,16803,9,1,Beauty
foxnewsgo.com,16755,3,0,Media
abo.io,16749,14,0,Application
morphebrushes.com,16722,20,1,Beauty
afterbuzztv.com,16710,6,0,Media
hive.co,16704,4,1,Agency
datpiff.com,16674,2,0,Music
NextNewsNetwork.com,16669,18,0,Media
shop.bbtv.com,16654,3,0,Agency
therebel.media,16612,5,0,Media
chess24.com,16588,5,0,Entertainment
hustlerskungfulifeskills.com,16568,16,0,YCW
geo.tv,16549,1,0,Media
masteringthezodiac.com,16515,9,0,Education
ofracosmetics.com,16462,24,1,Beauty
parts-people.com,16420,12,0,Technology
nintendo.com,16412,2,0,Video Game
s.click.aliexpress.com,16381,7,0,Shop
bollywoodhungama.com,16362,0,0,Media
mrlocario.com,16349,5,0,Dating
dailybooth.com,16347,3,0,Social Media
wikigameguides.com,16335,5,0,Forum
thekaraokechannel.com,16317,4,0,Music
cantiques.karaokes.free.fr,16313,0,0,Religion
naio-nails.co.uk,16299,19,1,Beauty
coolstuffinc.com,16210,2,0,Shop
traxsource.com,16177,2,0,Music
hlntv.com,16175,1,0,Media
brailleskateboarding.com,16120,10,1,Sport
strawpoll.me,16096,3,0,Application
bollywoodkibaten.blogspot.in,16058,5,0,Media
dangheesling.tv,16051,2,0,Media
zappos.com,16043,1,0,Fashion
firstindianews.com,16036,3,0,Media
on.mash.to,15997,3,0,Media
seldo.com,15953,0,0,Technology
shop.spreadshirt.com,15909,5,1,Fashion
de.banggood.com,15891,20,0,Shop
sanskargroup.in,15888,1,0,YCW
statsroyale.com,15884,0,0,Video Game
instamojo.com,15877,8,1,Shop
dpbolvw.net,15859,13,0,Application
livevisionz.com,15857,2,0,Religion
deejay.de,15830,2,0,Music
us.shein.com,15822,9,1,Fashion
ctt.ec,15799,9,0,Agency
somoynews.tv,15783,5,0,Media
copyright.gov,15732,9,0,Government
gg.gg,15707,5,0,Shorten
gamebanana.com,15689,2,0,Video Game
pastemagazine.com,15682,0,0,Media
tolo.tv,15671,1,0,Media
packtpub.com,15651,4,1,Technology
gerardcosmetics.com,15644,25,1,Beauty
upsciq.com,15580,19,0,Media
nblast.de,15561,3,1,Music
abcnews.go.com,15553,0,0,Media
pcpartpicker.com,15507,5,0,Technology
8wayrun.com,15504,1,0,Video Game
ford.to,15495,8,0,Vehicle
vgfaq.com,15493,3,0,Media
netflix.com,15468,3,0,Streaming
eventbrite.com,15449,5,0,Media
alpha.wallhaven.cc,15448,3,0,Sharing Service
tgn.tv,15442,4,0,Agency
kmbc.com,15424,1,0,Media
teknoaxe.com,15407,5,0,Music
kinguin.net,15406,5,1,Video Game
video.adultswim.com,15382,2,0,OVP
instantgo.com,15341,4,0,Technology
carlgallups.com,15340,7,0,Religion
epicgames.com,15312,6,1,Video Game
channelstore.roku.com,15310,6,0,Streaming
tunein.com,15308,5,0,Streaming
soccerreviewsforyou.com,15306,13,0,Sport
last.fm,15292,4,0,Music
pathofexile.com,15263,3,0,Video Game
lehren.com,15201,2,0,Music
dota2.com,15198,2,0,Video Game
traktrain.com,15190,6,0,Music
abc.net.au,15178,2,0,Media
m.me,15161,7,0,Social Media
yoyoiptv.com,15146,5,0,Streaming
createspace.com,15142,6,0,Book
psnprofiles.com,15106,1,0,Video Game
fav.me,15105,3,0,Sharing Service
rsg.ms,15094,8,0,Video Game
grm.my,15075,4,0,Music
gbe.st,15072,9,0,Technology
mrsuicidesheep.com,15035,1,0,Video Game
nas.cr,15031,2,0,Crypto
DreAllDay.com,14994,6,0,YCW
nsdx.uk,14916,3,0,Music
creativemediagroup.com,14914,7,0,Media
gamefanshop.com,14890,4,0,Video Game
uploadfiles.eu,14879,6,0,Video Game
nocopyrightsounds.co.uk,14829,5,0,Music
feeds.feedburner.com,14826,3,0,Social Media
esnewsreporting.com,14795,4,0,Media
itunes.com,14793,3,0,Music
bethesda.net,14790,4,0,Video Game
streamelements.com,14789,3,1,Agency
jukinmedia.com,14788,7,0,Service
itsh.bo,14787,0,0,Streaming
colourpop.com,14781,13,1,Beauty
hellojuniper.com,14711,5,1,Service
ruggedreserves.com,14676,21,0,Shop
indianexpress.com,14673,4,0,Media
jdoqocy.com,14630,13,0,Agency
rebrand.ly,14612,8,0,Shorten
boishakhi.media,14584,2,0,Media
iherb.com,14560,18,0,Shop
s71.link,14553,4,0,Music
voanews.com,14540,1,0,Media
nbcsports.com,14537,3,0,Sport
news18.com,14482,3,0,Media
nettv4u.com,14479,3,0,Media
electronicgamersleague.com,14465,5,0,Video Game
bradry2.blogspot.com,14463,4,0,YCW
thesimsresource.com,14462,4,0,Video Game
londonreal.link,14432,5,0,Media
modhoster.com,14427,4,0,Video Game
ccmixter.org,14419,4,0,Music
drberg.com,14414,10,0,Medical
indiegogo.com,14404,3,0,Shop
nes-snes-sprites.com,14377,1,0,Video Game
boxycharm.com,14317,20,1,Beauty
bubble-witch-saga.se,14311,1,1,Video Game
nflshop.com,14253,7,0,Sport
nflnonline.nfl.com,14245,7,0,Sport
theverge.com,14245,2,0,Media
9news.com.au,14235,1,0,Media
smarturl.id,14223,0,0,Music
nicovideo.jp,14141,1,0,OVP
NBAGLeague.com,14135,1,0,Sport
tkqlhce.com,14049,13,0,Technology
ewinracing.com,14012,8,1,Shop
adobe.com,13966,9,0,Application
prowrestlingtees.com,13953,2,1,Fashion
fiba.com,13931,0,0,Sport
imojo.in,13931,4,1,Service
dicetower.com,13920,2,0,Entertainment
optionalpha.com,13890,12,1,Crypto
primrosekitten.com,13872,13,0,Education
gyazo.com,13856,3,0,Sharing Service
daveeast.fanlink.to,13843,7,0,Music
sidemenclothing.com,13821,2,1,Fashion
magiclinks.org,13816,19,1,Agency
mattgranger.com,13808,5,0,YCW
shemaroome.app.link,13802,8,0,Streaming
gamecapture.com,13762,3,1,Video Game
valleycentral.com.,13761,0,0,Media
rajasthanpatrika.patrika.com,13750,5,0,Media
gogetfunding.com,13734,0,0,Donation
warriortrading.com,13729,36,0,YCW
trapcity.tv,13681,2,0,Media
shopstyle.com,13653,11,1,Fashion
loots.com,13639,4,1,Agency
wwenetwork.com,13614,3,0,Streaming
2pgame.com,13610,2,0,Video Game
khabar.ndtv.com,13589,2,0,Media
j.gs,13582,8,0,Shorten
barnesandnoble.com,13547,3,0,Book
FNTSY.com,13546,15,0,Media
10tv.in,13530,2,0,Media
kqzyfj.com,13499,13,0,Application
warthunder.com,13459,7,1,Video Game
blip.tv,13436,2,0,Streaming
d.tube,13434,6,0,Crypto
uber.com,13425,12,0,Food Drink
NBA.com,13401,6,0,Sport
link.epidemicsound.com,13381,2,1,Agency
bollywoodkibaten.com,13380,3,0,Media
lulu.com,13362,4,1,Book
thrustmaster.com,13358,5,1,Video Game
astrogaming.com,13349,6,1,Video Game
tipeeestream.com,13339,3,1,Agency
amctheatres.com,13335,3,0,Entertainment
beybladeworld.net,13332,12,0,Shop
go.volleyball.world,13322,1,0,Sport
sametext.com,13315,9,0,Application
pexels.com,13307,4,0,Service
businessinsider.com,13300,3,0,Media
fandangonow.com,13298,4,0,Entertainment
chessable.com,13254,0,0,Sport
lokmat.news18.com,13242,0,0,Media
store.dftba.com,13206,4,1,Shop
clipadvise.com,13204,4,0,Agency
swarnavahini.lk,13177,0.0,0,
worldofdance.com,13162,3.0,0,Media
aetv.us,13159,2.0,0,Streaming
scribd.com,13151,3.0,0,Streaming
kinolibrary.com.,13142,1.0,0,Movie
nfxshotnetwork.com,13139,2.0,0,Service
theclassicarchives.com,13139,2.0,0,Shop
kcci.com,13138,1.0,0,Media
mlg.tv,13087,4.0,0,Streaming
bbc.com,13082,2.0,0,Media
reverb.com,13070,3.0,0,Shop
maximotv.com,13035,4.0,0,Media
nhl.com,13017,0.0,0,Sport
africanews.com,13000,3.0,0,Media
bonfire.com,12982,5.0,1,Shop
giphy.com,12969,3.0,0,Entertainment
zerohedge.com,12966,3.0,0,Media
fbl.me,12965,3.0,0,Service
store.nba.com,12964,6.0,1,Shop
archive.org,12948,2.0,0,Entertainment
memphisdrumshop.com,12937,5.0,0,Music
zipansion.com,12885,8.0,0,Application
playstation.com,12872,3.0,1,Video Game
cbcnews.ca,12857,5.0,0,Media
gematsu.com,12835,0.0,0,Media
subscriptionboxmom.com,12822,9.0,0,Shop
thedo.do,12789,1.0,0,Entertainment
yoyodaily.com,12784,0.0,0,Service
cna.asia,12782,1.0,0,Media
salln.net,12767,9.0,0,
udacity.com,12762,1.0,0,Education
musicnotes.com,12753,5.0,1,Music
sovndwave.com,12751,24.0,0,Music
patrickarundell.com,12743,3.0,0,Entertainment
MovieTalkies.com,12736,0.0,0,Movie
tv5news.in,12729,2.0,0,TV
stumbleupon.com,12648,2.0,0,Application
cashforap.ps,12644,7.0,0,Application
sonotekcassette.com,12600,4.0,0,Movie
paulbegleyprophecy.com,12570,0.0,0,Streaming
fixtstore.com,12570,5.0,0,Entertainment
nitra.do,12563,4.0,0,Technology
kelleyrosano.com,12562,5.0,0,Forum
us.battle.net,12561,4.0,1,Video Game
theotrade.com,12547,19.0,1,Education
mailchi.mp,12542,9.0,1,Application
gamezplay.org,12539,2.0,0,Video Game
expressoshow.com,12528,0.0,0,Food Drink
join.quizgroup.com,12527,0.0,0,Agency
flipboard.com,12495,3.0,0,Entertainment
sports.abs-cbn.com,12489,0.0,0,Sport
corsair.com,12447,1.0,1,Video Game
flic.kr,12447,1.0,0,Forum
tawk.to,12404,19.0,1,Application
onelink.to,12382,8.0,0,Application
link.bluedrake42.com,12352,2.0,0,Video Game
fig-gymnastics.com,12328,1.0,0,Sport
acepilot2k7.com,12328,9.0,0,YCW
hsn.com,12318,3.0,0,Shop
shop.maker.tv,12309,3.0,0,Shop
wgal.com,12298,1.0,0,Media
theacc.com,12292,2.0,0,Sport
gymnasticsdvd.de,12287,2.0,0,Sport
WatchMojo.com,12282,8.0,0,Streaming
ntv.co.ug,12255,0.0,0,Media
1.envato.market,12253,10.0,0,Forum
newwaves.com,12244,2.0,0,Fashion
SecularTalkRadio.com,12221,1.0,0,Radio
lynda.com,12212,2.0,0,Education
ck1t.ru,12203,4.0,0,
streetsideclassics.com,12202,4.0,0,Shop
cinemablend.com,12195,2.0,0,Movie
bstk.me,12188,5.0,1,Video Game
apnews.com,12184,0.0,0,Media
slideshare.net,12182,2.0,0,Forum
nationalgeographic.com,12169,4.0,0,Entertainment
zara.com,12091,6.0,0,Shop
kexp.org,12080,0.0,0,Music
7obu.com,12077,5.0,0,Music
collider.com,12052,5.0,0,Movie
target.com,12038,5.0,1,Shop
Minds.com,12029,18.0,1,Media
speedgaming.org,12017,0.0,0,YCW
Majority.FM,11986,6.0,0,Media
cardsinfinity.com,11976,1.0,0,Shop
hugedomains.com,11970,8.0,1,Real Estate
video.foxbusiness.com,11947,3.0,0,TV
hobotraveler.com,11920,7.0,1,Service
apps.microsoft.com,11872,11.0,0,Application
go.onelink.me,11868,2.0,0,Service
uspstudios.co,11857,9.0,1,Photo
cleanharleys.com,11823,10.0,1,Shop
hp.care,11796,5.0,0,
mnot.es,11788,8.0,1,Music
spinninrecords.com,11784,8.0,1,Music
aryqtv.tv,11775,1.0,0,TV
brave.com,11767,5.0,0,Service
cameo.com,11746,6.0,1,Service
dlive.tv,11731,3.0,0,Streaming
m.freemyapps.com,11731,8.0,1,Shop
thetelugufilmnagar.com,11728,1.0,0,Movie
chartguys.com,11726,8.0,1,Crypto
gammagamers.com,11708,7.0,0,Video Game
bluemic.com,11701,5.0,1,Shop
store.cdbaby.com,11698,6.0,1,Music
whiteninglightning.com,11664,31.0,1,Beauty
heroesofthestorm.com,11647,1.0,1,Video Game
realmenrealstyle.com,11644,17.0,1,Service
adafru.it,11637,4.0,0,Shop
web.roblox.com,11636,5.0,0,Video Game
nptel.iitm.ac.in,11630,0.0,0,Education
euroleague.net,11610,2.0,0,Sport
courses.carajaclasses.com,11607,2.0,0,Education
pcspecialist.co.uk,11599,2.0,0,Shop
modhub.us,11599,4.0,0,Video Game
robertsspaceindustries.com,11583,9.0,1,Video Game
market.android.com,11567,2.0,0,Application
residentadvisor.net,11543,2.0,0,Entertainment
givetad.com,11537,4.0,0,Donation
prntscr.com,11503,3.0,0,Application
share.media.jio.com,11489,3.0,0,
aukcja.kipa.be,11486,5.0,0,Education
app.adjust.com,11478,6.0,0,Application
durianrider.com,11477,3.0,1,Education
m.vk.com,11469,4.0,1,Application
NBADLeague.com,11450,2.0,0,Sport
revzilla.com,11402,2.0,1,Vehicle
therealnews.com,11396,0.0,0,Media
irresistibleme.com,11370,18.0,1,Beauty
catersnews.com,11359,5.0,0,Service
shop.wwe.com,11353,3.0,0,Shop
grove.co,11342,15.0,1,Shorten
X17online.com,11330,3.0,0,Media
bigmagic.tv,11317,2.0,0,OVP
andhrajyothy.com,11309,1.0,0,Media
beautifulhalo.com,11296,14.0,0,Fashion
criticalbench.com,11276,5.0,1,Education
nextnewsnetwork.com,11258,9.0,0,Media
stylistheather.com,11245,6.0,0,
teamliquid.net,11209,0.0,0,Video Game
clk.tradedoubler.com,11203,5.0,1,Education
whatculture.com,11179,0.0,0,Media
minecraft.curseforge.com,11165,6.0,0,Forum
forum.xda-developers.com,11158,4.0,0,Forum
newsy.com,11155,1.0,0,Media
halleonard.com,11133,6.0,1,Music
sendspace.com,11113,2.0,0,Application
digitaltrends.com,11071,4.0,0,Technology
bornprettystore.com,11060,10.0,1,Beauty
eventvods.com,11053,2.0,0,Social Media
bungie.net,11050,4.0,1,Video Game
jonsine.fanlink.to,11042,8.0,1,Music
IslamOnDemand.com,11039,31.0,0,Religion
nesn.com,11030,0.0,0,Shop
r.mker.tv,11021,5.0,0,Forum
indiaglitz.com,11021,1.0,0,Movie
bloomberg.com,11007,5.0,1,Technology
j35.us,10997,8.0,0,
classic.avantlink.com,10991,14.0,1,Education
KEXP.ORG,10980,0.0,0,Music
hardreset.info,10954,2.0,0,Technology
ffm.to,10953,3.0,0,Music
ad.apsalar.com,10952,3.0,0,Application
swagbucks.com,10910,5.0,1,Shop
lionelmedia.com,10900,1.0,0,Media
fighthubtv.com,10898,5.0,0,Media
islamondemand.com,10897,31.0,1,Religion
link.clashroyale.com,10896,0.0,1,Video Game
pebbles.in,10882,2.0,0,
927bigfm.com,10864,1.0,0,Media
guildwars2.go2cloud.org,10857,7.0,1,Video Game
i.refs.cc,10851,22.0,1,Sport
executiveinterviews.biz,10835,3.0,0,Service
overclockers.co.uk,10816,5.0,0,Technology
thmatc.co,10813,8.0,1,Music
tfpc.in,10808,1.0,0,Education
dariodaversa.com,10807,12.0,0,OVP
edge.bigthink.com,10805,3.0,0,Education
92newshd.tv,10789,5.0,0,Media
stingray.com,10765,3.0,1,Media
jaimaharashtranews.com,10747,3.0,0,Media
atpworldtour.com,10732,1.0,0,Sport
autodoc.co.uk,10719,8.0,1,Vehicle
potomacbeads.com,10714,11.0,1,Fashion
zack.watch,10677,12.0,0,OVP
cbeditingpng.com,10664,18.0,0,
incompetech.com),10663,4.0,0,Shorten
andro4fun.blogspot.ie,10661,6.0,0,Forum
kinolibrary.com,10652,1.0,1,Streaming
fbuy.me,10638,21.0,1,Shop
enca.com,10637,0.0,0,Media
viralhog.com,10627,4.0,1,Service
jaminthevan.com,10619,9.0,1,Music
2ggaming.com,10615,1.0,0,Video Game
artlist.io,10606,8.0,1,Music
v.douyin.com,10600,2.0,0,Social Media
distrokid.com,10585,6.0,0,Music
blogtv.com,10581,3.0,0,Media
ikea.com,10567,6.0,1,Shop
tee.pub,10566,3.0,1,Shop
wcvb.com,10560,1.0,0,Media
yourquote.in,10559,3.0,0,Application
hum.tv,10558,3.0,0,Media
tv5news.in.,10499,2.0,0,Media
thanthitv.com,10495,4.0,0,Media
MLSsoccer.com,10488,0.0,0,Sport
people.com,10485,6.0,0,Media
track.leadnationmedia.com,10484,3.0,0,OVM
stardust.app.link,10462,3.0,0,Science
longplays.org,10428,1.0,0,Service
bluetablepainting.com,10423,2.0,0,Service
sh.st,10410,4.0,0,Application
cnn.com,10405,3.0,0,Media
thechartguys.com,10405,7.0,0,OVM
jesus-comes.com,10402,3.0,0,Religion
thesun.co.uk,10399,5.0,0,Media
featu.re,10382,9.0,1,Service
c.singular.net,10364,12.0,1,Education
music.youtube.com,10348,4.0,0,Music
airsoftgi.com,10342,2.0,1,Shop
8wayrun.tv,10340,1.0,0,OVM
youpartnerwsp.com,10313,1.0,0,Service
looted.by,10306,5.0,1,Shop
tarlwarwick.net,10297,0.0,0,Photo
boots.com,10270,6.0,1,Beauty
thingiverse.com,10260,6.0,0,Technology
sportsnet.ca,10252,1.0,0,Sport
mlpl.link,10240,8.0,1,Application
history.com,10239,1.0,0,Streaming
greenfieldpuppies.com,10232,0.0,0,Shop
astro.family,10221,15.0,0,Forum
nj1015.com,10207,0.0,0,Media
arabylinks.com,10196,27.0,1,Real Estate
g.co,10164,7.0,0,Application
1spotmedia.com,10158,1.0,0,Media
televisionjamaica.com,10153,1.0,0,Media
casaa.org,10145,5.0,0,Education
newsnation.in,10143,3.0,0,Media
entertainmentearth.com,10140,7.0,1,Shop
noscopeglasses.com,10136,7.0,1,Education
bxcam.com,10112,1.0,0,Application
thecreaturehub.com,10085,1.0,0,OVM
sribalajivideo.com,10083,8.0,1,Service
stephengeorg.com,10081,1.0,0,OVM
weareworship.com,10073,0.0,0,Music
mysheetmusictranscriptions.com,10070,0.0,0,Music
frdr.us,10047,7.0,0,Entertainment
genius.com,10043,1.0,0,Music
greetname.com,10033,2.0,0,Application
outfit7.com,10032,12.0,0,Shop
mlb.com,10004,5.0,0,Sport